[
    {
        "nombre": "santi",
        "documento_id": "1033487670",
        "direccion": "calle 34",
        "correo": "vfav@gmail.com",
        "fecha_nacimiento": "06/07/2005",
        "validacion": [
            "06/07/2005",
            "1033487670"
        ],
        "formacion": [
            {
                "institucion": "chinca",
                "titulo": "bachiller",
                "experiencia": "11"
            }
        ],
        "experiencia": [
            {
                "empresa": "oxford",
                "cargo": "asesor",
                "funciones": "nada",
                "duracion": "2 años"
            }
        ],
        "referencia_personales": [
            {
                "nombre_ref": "leo",
                "parentesco": "personal",
                "telefono_ref": "3052935986"
            }
        ],
        "habilidades": [
            "ninguna"
        ]
    }
]